{"cameraMode":{"drawMode":0,"name":"Shaded","section":"Shading Mode"},"sceneLighting":false,"audioPlay":false,"sceneViewState":{"m_AlwaysRefresh":false,"showFog":true,"showSkybox":false,"showFlares":true,"showImageEffects":true,"showParticleSystems":true,"showVisualEffectGraphs":true,"m_FxEnabled":true},"in2DMode":false,"pivot":{"x":0.01077955961227417,"y":-0.07655902951955795,"z":-8.043785095214844},"rotation":{"x":0.09037724137306214,"y":0.7276075482368469,"z":-0.09771702438592911,"w":0.6729580163955689},"size":0.3210965394973755,"orthographic":true}