{"cameraMode":{"drawMode":0,"name":"Shaded","section":"Shading Mode"},"sceneLighting":true,"audioPlay":false,"sceneViewState":{"m_AlwaysRefresh":false,"showFog":true,"showSkybox":true,"showFlares":true,"showImageEffects":true,"showParticleSystems":true,"showVisualEffectGraphs":true,"m_FxEnabled":true},"in2DMode":false,"pivot":{"x":-0.8262929320335388,"y":3.966496467590332,"z":3.186053514480591},"rotation":{"x":-0.25953930616378786,"y":-0.042864564806222919,"z":0.01153124775737524,"w":-0.9647141695022583},"size":5.1811604499816898,"orthographic":false}